id;name;name_ar;name_en;notes
1;Bahamas intuitive plum;Mountain alarm;Handmade;Gallium Soft
2;Polonium card;that;wireless;Road
3;blackberry;Health Country invoice;invoice;Hydrogen base female
4;Man;black;West frankly Buckinghamshire;Genderqueer before Jersey
5;modular;Kids;Designer ha;Shirt Utah North
6;Solutions instruction;Miller multicast;Internal Cis female;Concrete
7;North;opposite Hybrid Bahrain;Devolved Account withdrawal;however
8;apropos hack Switchable;Southwest wireless dicta;Funk withdrawal as;id New Jersey
9;Fantastic intermediate M2F;M2F;Uganda corny;South monitor Ergonomic
10;York Cambridgeshire gee;Krajcik;Southwest;Licensed Chevrolet
