id;description;description_ar;description_en;image_type;menu_order;image_url;image;image_content_type
1;orchid vortals vacantly;Classical usually Bay;Country Land Quigley;Strontium aw;27772;Fatima;../fake-data/blob/hipster.png;image/png
2;harum Managed;engineer;Incredible Hatchback Expanded;Dubnium invoice Oriental;98776;Cheese Executive;../fake-data/blob/hipster.png;image/png
3;Rhode Buckinghamshire;COM tan;Shirt;Cyclocross Handmade;28274;male Pants;../fake-data/blob/hipster.png;image/png
4;West indigo Metal;Dollar;proactive Landing;azure syndicate;49547;mesh;../fake-data/blob/hipster.png;image/png
5;orchid;intranet microchip;withdrawal Bismuth;Casa firmware;35096;Intersex;../fake-data/blob/hipster.png;image/png
6;Lead mmm Customer;maiores;Bernier compassionate;lucky Electronic Shoes;37488;Metal;../fake-data/blob/hipster.png;image/png
7;Diesel Jersey;Agent Avon Southeast;Cotton Funk Tasty;Division Locks;83537;Officer alarm;../fake-data/blob/hipster.png;image/png
8;overconfidently gosh;hertz;Granite;Computer Coordinator sky;29693;meh;../fake-data/blob/hipster.png;image/png
9;ick Rover Cis;qua misconceive tan;Convertible;West withdrawal yellow;48471;Senior withdrawal;../fake-data/blob/hipster.png;image/png
10;North than usher;Radium;Wooden Towels female;Walk Computers virtual;39380;Bicycle;../fake-data/blob/hipster.png;image/png
